,trial,seed,b_consensus,l_consensus
2,Abl1,0,PNYXXWEXXXXXXXXXXXLGXGXFGXVYXXXXXXXXXXVAXKXXXXXXXXXXXXXXEXXXXXXLXHPNIVXLXXXXXXXXXXXLVXEXXXXGXLXXXLXXXXXXXXXXXXXXXXXXXXXXGLXYLHXXXXXHRDLKXXNXLLXXXXXXKXXDFGLAXXXXXXXXXXXXXXXXXXXYXAPEXXXXXXXXXXXDXWSXGXXLXEXXXXGXXPFXXXXXXXXXXXXXXXXXXXXPXXXXXXXXXLXXXCXXXXPXXRPXXXXXXXXLXXXXXXXXXXDEVEKELGKQGV,------------------LG-G-FG-VY-A-G--L---VAVK-LK--K-D-E--AEKREILEAEILRLKHPNIVRLIGVYCDEGEDLVLVYEYMELGSLGDLLFRLIKRE-G-LSELDARLKIALVIARGLAYLHSEAIVHRDLKPANILLDVDGNVKLIDFGLARKLISDGTDSTATSTGTP-GY-APEVLAGRGYSTKADVWSFGVILYELLT-G--PF----------------------------------
12,Abl1,4,PNXXXWEXXXXXXXXXXXLGXGXXGXVYXXXXXXXXXXVAXKXLXXXXXXXXXFXXEXXXXXXLXHPNIVXLXXXXXXXXXXXXVXEXXXXGXLXXXLXXXXXXXXXXXXXXXXXXXXXXGLXYLHXXXXXHRDLKPXNXLLXXXXXXKXXDFGLAXXXXXXXXXXXXXXXXXXXYXAPEXXXXXXXXXXXDXXSXGXXLXEXXTXGXXPFXXXXXXXXXXXXXXXXXXXXPXXXXXXXXXLXXXCXXXXPXXRPXXXXXXXXLXXXXXXXXXXXXXEXELGKQGV,------------------LG-GGFG-VYKGA-----G--VAVK-LK-D-S-E--EFLREAEILARLSHPNIVRLLGVCDEGEDSLVYEYMELGSLDLELFLRGDLKELDSLRILR--LRIALGVALALHYLHSQGIVHRDLKPSNILLDSDGNVKLIDFGLARKLISDGTSTATSGT--GTP-YMAPEVLAGRGYDTKSDVYSFGVILLELLT-G--PF------------------------------------
6,Abl1,5,PNXXXWEXXXXXXXXXXXXGXGXFGXVYXXXXXXXXXXVAXKXXXXXXXXXXXFXXEXXXXXXLXHPNXVXLXXXXXXXXXXXXVXEXXXXGXLXXXLXXXXXXXXXXXXXXXXXXXXXXXLXYLHXXXXXHRDLKXXNXLLXXXXXXKXXDFGLAXXXXXXXXXXXXXXXXXXXYXAPEXXXXXXXXXXXDXWSXGXXLXEXXXXGXXPFXXXXXXXXXXXXXXXXXXXXPXXXXXXXXXLXXXCXXXXPXXRPXXXXXXXXLXXXXXXXXXXXEXEKELGKQGV,------------------LG-G-FG-VY-G--A----KVAVK-LK---ED--E-FLREAILKALRHPNIVKLVGLYDVGETSEDLVLVYEYLMEGGSLDLFLRILKREG-LSEPLDEARLVIALILAVALGLAYLHSEGIVHRDLKPSNILLDEDGNVKLIDFGLARKLISDGETSTGSTAGTP-Y-APEVLAGRGYDSPEDVWSLGVILYELLT-G--PF----------------------------------
0,Abl1,7,PXXXXWEXXXXXXXXXXXLGXGXXGXVYXXXXXXXXXXVAXKXXXXXXXXXXXFXXEXXXXXXLXHPNIVXXXXXXXXXXXXXLVXEXXXXGXLXXXLXXXXXXXXXXXXXXXXXXXXXXXLXYLHXXXIXHRDXKPXNXLLXXXXXXKXXDFGLAXXXXXXXXXXXXXXXXXXXYXAPEXXXXXXXXXXXDXXSXGXXLXEXXTXGXXPFXXXXXXXXXXXXXXXXXXXXPXXXPXXXXXLXXXCXXXXPXXRPXXXXXXXXLXXXXXXXXXXDEVEKELGKQGV,------------------LG-GGFG-VYKGA--L--G--VAVK-LK-D--E-AEKFLREAIVLAKLSHPNIVRLIGVCDEGEDLKLVYEYMELGSLGDLLRELIRKGLRELSEDLARLVIALILAVALGLAYLHSAHIVHRDLKPANILLDSDGNVKLIDFGLARKLVSGDETSTATGT--GTP-YMAPEVLAGRGYTSKSDVYSFGVILYELLT-G--PF----------------------------------
4,Abl1,9,PXXXXWEXXXXXXXXXXXXGXGXFGXVYXXXXXXXXXXVAXKXXXXXXXXXXXFXXEXXXXXXLXHPNXVXLXXXXXXXXXXXXVXEXXXXGXLXXXLXXXXXXXXXXXXXXXXXXXXXXGLXYLHXXXXXHRDLKPXNXLLXXXXXXKXXDFGLAXXXXXXXXXXXXXXXXXXXYXAPEXXXXXXXXXXXDXWSXGXXLXEXXTXGXXPFXXXXXXXXXXXXXXXXXXXXPXXXXXXXXXLXXXCXXXXPXXRPXXXXXXXXLXXXXXXXXXXXEXEKELGKQGV,------------------LG-GGFG-VYKGA-L---G-RVAVK-LK--SKEDEREFLEEAILREILAHLNHPNIVRLIGVCLEDGESLVYEYLVMEYLVGGSLDLDLRLIKR-GRLSEPLEAVLRIALIALGLAYLHSAHIVHRDLKPANILLDVNGEDKLVDFGLARKLVSDGTSTATSGTRGTP-Y-APEVLAGEGYTSKADVWSFGVILYELLT-G--PF--------------------------------
10,Abl1,10,PXXXXWEXXXXXXXXXXXLGXGXFGXVYXXXXXXXXXXVAXKXXXXXXXXXXXXXXEXXXXXXLXHPNXVXXXXXXXXXXXXXXVXEXXXXGXLXXXLXXXXXXXXXXXXXXXXXXXXXXXLXYLHXXXXXHRDLKPXNXLLXXXXXXKXXDFGLAXXXXXXXXXXXXXXXXXXXYXAPEXXXXXXXXXXXDXXSXGXXLXEXXTXGXXPFXXXXXXXXXXXXXXXXXXXXPXXXPXXXXXLXXXCXXXXPXXRPXXXXXXXXLXXXXXXXXXXDEVEXELGKQGV,------------------LG-GGFG-VYKGA-----G--VAVK-LK-D-S-E--ERFLREAILKALSHPNIVRLLGVCIEDSGELVLVYEYMELGSLDLRLFLRKEGRL-ELD--LRIALVIALGLAYLHSAKIVHRDLKPSNILLDVDGNVKLIDFGLARKLISDGETSTATGT--GTP-YMAPEVLAGRGYTSKSDVYSFGVILLELLT-G--PF--------------------------------------
9,Abl1,12,PXXXXWEXXXXXXXXXXXXGXGXXGXVYXXXXXXXXXXVAXKXXXXXXXXXXXXXXEXXXXXXLXHPNXVXLXXXXXXXXXXXLVXEXXXXGXLXXXLXXXXXXXXXXXXXXXXXXXXXXGLXYLHXXXXXHRDXKXXNXLLXXXXXXKXXDFGLAXXXXXXXXXXXXXXXXXXXYXAPEXXXXXXXXXXXDXXSXGXXLXEXXTXGXXPFXXXXXXXXXXXXXXXXXXXXPXXXXXXXXXLXXXCXXXXPXXRPXXXXXXXXLXXXXXXXXXXXEXEKELGKQGV,------------------LG-GGFG-VYKGA-----G--VAVK-LK-D-SEKLEQFLREAILEVLKLSHPNIVRLLGVCIEDGELRLVYEYMELGSLGDLLFELIRKEGRL--ELRDAIALIARLALEYLHASHIVHRDLKPSNILLDVNGDVKLADFGLARKLISDGTSETASTGTVGTP-Y-APEVLAGEGYDSKSDVYSFGVILLELLT-G--P--------------------------------------
5,Abl1,15,PXXXXWEXXXXXXXXXXXXGXGXXGXVYXXXXXXXXXXVAXKXLXXXXXXXXXFXXEXXXXXXLXHPNXVXXXXXXXXXXXXXXVXEXXXXGXLXXXLXXXXXXXXXXXXXXXXXXXXXXXLXYLHXXXXXHRDXKPXNXLLXXXXXXKXXDFGLAXXXXXXXXXXXXXXXXXXXYXAPEXXXXXXXXXXXDXXSXGXXLXEXXTXGXXPFXXXXXXXXXXXXXXXXXXXXPXXXXXXXXXLXXXCXXXXPXXRPXXXXXXXXLXXXXXXXXXXXEXEKEXGKQGV,------------------LG-GGFG-VYKAG---L-R-VAVK-LK-DSEALERFKREAILAELARLIHPNIVKLVGYCVEDGESLLVYEYLVMEYGSLGDLLRELIRK-GRLSEPLDEARLVIALGIALALEYLHSAGIVHRDLKPSNILLDVDGNVKLIDFGLARKLVSGDTSTATSGT--GTP-YMAPEVLAGRGYTSKSDVYSFGVILYELLT-G--PF---------------------------------
7,Abl1,19,PXXDXWEXXXXXXXXXXXLGXGXXGXVYXXXXXXXXXXVAXKXXXXXXXXXXXFXXEXXXXXXLXHPNIVXLXXXXXXXXXXXXVXEXXXXGXLXXXLXXXXXXXXXXXXXXXXXXXXXXGLXYLHXXXXXHRDLKPXNXLLXXXXXXKXXDFGLAXXXXXXXXXXXXXXXXXXXYXAPEXXXXXXXXXXXDXWSXGXXLXEXXTXGXXPFXXXXXXXXXXXXXXXXXXXXPXXXXXXXXXLXXXCXXXXPXXRPXXXXXXXXLXXXXXXXXXXDXVEKELGKQGV,------------------LG-G-FG-VY-G-----G--VAVK-L-K---E-D-E-FLREAIVLAKLRHPNIVRLLGVCIEDGELYLVIEYMELGSLDLLLRILRK-GRLPELDAVRL--IALQIALGLAYLHSRGIVHRDLKPANILLDSDGNVKLIDFGLARKLVSGDETSTATGTS-GTP-YMAPEVLIGEGYDTKSDVWSLGVILYELLT-G--PF------------------------------------
1,Abl1,22,PXXXXWEXXXXXXXXXXXLGXGXFGXVYXXXXXXXXXXVAXKXXXXXXXXXXXFXXEXXXXXXLXHPNIVXLXXXXXXXXXXXXVXEXXXXGXLXXXLXXXXXXXXXXXXXXXXXXXXXXXLXYLHXXXXXHRDLKPXNXLLXXXXXXKXXDFGLAXXXXXXXXXXXXXXXXXXXYXAPEXXXXXXXXXXXDXWSXGXXLXEXXTXGXXPFXXXXXXXXXXXXXXXXXXXXPXXXXXXXXXLXXXCXXXXPXXRPXXXXXXXXLXXXXXEXXXXXEVEKELGKQGV,------------------LG-GGFG-VYKAG--L--G--VAVK-LK-DKSERELKEFREEAVLILKRLEHPNIVRLLGVCDEGESDLVYLVMEYLVGGSLLDLLRKIGRLEK--LREALSIALRIALGLAYLHSAHIVHRDLKPANILLDEDGNVKLIDFGLARKLSADGTSTLTGTAGTP-Y-APEVLARGEYSDKSDVWSFGVILYELLT-G--PF-------------------------------------
8,Abl1,29,PNXXXWEXXXXXXXXXXXLGXGXFGXVYXXXXXXXXXXVAXKXLXXXXXXXXXFXXEXXXXXXLXHPNXVXLXXXXXXXXXXXLVXEXXXXGXLXXXLXXXXXXXXXXXXXXXXXXXXXXXLXYLHXXXXXHRDLKPXNXLLXXXXXXKXXDFGLAXXXXXXXXXXXXXXXXXXXYXAPEXXXXXXXXXXXDXXSXGXXLXEXXTXGXXPFXXXXXXXXXXXXXXXXXXXXPXXXXXXXXXLXXXCXXXXPXXRPXXXXXXXXLXXXXXXXXXXXEXEKELGKQGV,------------------LG-GGFG-VYKGA-----G--VAVK-LK--S-D-E--EFLREAVILAKLRHPNIVRLLGVCFEDGESLLVYEYMELGSLEDLLRKILREG-L-EPLRALIALRVALGLAYLHEARIVHRDLKPSNILLDSDGNVKLIDFGLARKLVSDGTSTATSTGTVGTP-Y-APEVLAGEGYTSKADVWSFGVILLELIL--G--PF-------------------------------------
